{
  "_fv": 10,
  "_type": "function",
  "definition": {
    "code": "#depending on the number of warps you want to make, replace the number in the warp to what ever you want (for example: warp_1 -> warp_home) though you will have to change the function for the warp and the function for the delwarp\n\nsetblock ~1 ~ ~ glass\n#places glass block\n\nsummon minecraft:silverfish ~1 ~ ~\n#summons the silverfish\n\ntag @e[type=minecraft:silverfish,r=2] add warp_1\n#add a tag to the silverfish (in this case warp_1)(bassicly the name of the warp\n\neffect @e[tag=warp_1] slowness 9999999 255 false\n#add slowness to the silverfish\n\neffect @e[tag=warp_1] invisibility 9999999 255 false\n#add invisibility to the silverfish",
    "name": "setwarp_1",
    "namespace": "mod"
  }
}